video_id	batch	duration_s	has_captions	words_total	wpm	sentence_words	words_first_5s	words_first_10s	words_first_15s	words_first_20s	intro_first_15s	names_project_first_15s	problem_first_15s	demo_verb_at_s	demo_verb_frac	tech_first_frac	mentions_number	multi_voice	thanks_at_end	cta_at_end	tail_wpm	silent_tail
acadverify	winners	135	1	283	125.8	9.4	16	36	48	58	1	1	1	0.3	0.002	0.199	0	1	0	0	102	0
adaptfit	winners	137	1	403	176.5	14.9	16	28	44	56	1	1	0			0.412	0	1	1	0	228	0
aegisflow	winners	193	1	443	137.7	9.7	16	24	36	40	0	0	1	20.3	0.105	0.011	1	0	0	0	138	0
agrisaarthi	winners	139	1	298	128.6	13.5	15	23	36	40	1	1	0				0	0	1	0	156	0
ai-ceo	winners	141	1	261	111.1	14.5	11	19	27	41	1	1	0			0.386	0	0	0	0	138	1
apexshield	winners	407	1	1065	157.0	10.2	19	33	52	70	0	1	0	42.4	0.104		1	1	0	0	168	0
bridge-adaptive	winners	254	1	623	147.2	13.0	15	27	40	51	1	0	0			0.418	0	0	1	0	162	0
carbonzero	winners	181	1	274	90.8	13.0	7	20	32	45	0	1	0				0	0	0	0	162	1
cartwise	winners	91	0																			
casting	winners	141	1	126	53.6	9.0	18	27	47	52	1	1	0	44.6	0.317		1	1	0	0	12	0
chain-of-custody	winners	178	1	483	162.8	16.1	13	33	50	74	1	1	0	18.0	0.101	0.03	0	1	1	0	168	0
coast-guard-ai	winners	387	1	1030	159.7	15.6	10	23	33	48	0	0	0	163.8	0.423	0.889	1	1	0	0	204	0
constellation-lyra	winners	305	1	857	168.6	16.8	11	30	40	60	1	1	0	200.4	0.657	0.217	0	1	0	0	162	0
coolcity	winners	207	1	454	131.6	7.6	10	17	32	46	0	0	0			0.424	1	0	0	0	168	0
creva-zk	winners	102	1	213	125.3	7.3	14	25	32	51	1	1	0	0.0	0.0		1	0	0	0	126	0
crucible	winners	178	1	526	177.3	10.2	16	30	42	62	0	0	0			0.0	0	0	0	0	222	0
dockit	winners	539	1	1530	170.3	17.4	16	22	37	38	0	1	0	13.6	0.025	0.634	1	0	1	0	180	1
evlink	winners	296	1	613	124.3	12.8	12	25	42	51	1	1	0	0.7	0.002	0.441	1	0	1	0	78	0
fair-split	winners	391	1	853	130.9	14.0	8	21	26	47	1	0	0	29.5	0.075	0.328	0	1	1	0	132	0
gc2go	winners	79	0																			
govsim	winners	313	1	898	172.1	26.4	13	31	43	63	0	1	0	0.0	0.0	0.093	0	0	0	0	216	0
markfit	winners	171	0																			
misconception-atlas	winners	38	1	108	170.5	9.8	20	32	50	69	0	0	0			0.691	0	0	0	0	150	0
neura	winners	222	1	627	169.5	14.6	1	14	24	48	0	1	0				0	1	1	0	204	1
orchestrate-live	winners	233	1	579	149.1	17.0	13	32	39	55	0	0	0	63.4	0.272	0.217	0	0	0	0	168	0
pawse	winners	257	1	567	132.4	8.2	0	16	36	54	1	0	0	38.5	0.15	0.531	0	0	1	0	150	0
picnic-symphony	winners	267	1	499	112.1	12.2	16	28	41	54	1	0	0	78.6	0.295	0.872	0	0	1	0	132	0
relief-atl	winners	147	1	373	152.2	19.6	16	31	45	59	1	0	0				0	0	1	0	114	0
reliving	winners	190	1	471	148.7	13.5	15	15	24	24	0	0	0			0.445	1	1	0	1	162	0
remembrance	winners	119	1	295	148.7	10.2	15	21	35	47	0	0	0	39.1	0.328		0	1	0	0	198	0
sayhi	winners	126	1	360	171.4	10.6	10	22	37	50	1	1	0				0	1	0	0	252	0
scriptcast	winners	61	0																			
second-look	winners	105	0																			
shadespan	winners	176	1	550	187.5	11.5	21	41	56	77	0	1	0	95.7	0.544	0.389	1	0	0	0	246	1
signet	winners	349	1	1143	196.5	13.3	19	40	55	73	1	0	0	46.3	0.133	0.668	1	0	0	0	186	0
sketchmotion	winners	83	0																			
stick	winners	151	1	350	139.1	13.5	16	32	47	62	0	0	0	65.2	0.432	0.235	0	0	1	0	192	0
taptalk	winners	51	1	90	105.9	6.9	0	14	21	24	1	0	0	40.2	0.789		0	1	0	0	162	0
throughline	winners	117	1	305	156.4	8.0	23	32	48	59	1	1	0	1.6	0.014		0	1	0	0	156	0
transpride	winners	70	0																			
unlocked	winners	180	1	430	143.3	13.4	23	39	61	71	0	1	1				0	1	0	0	144	0
zenthweb	winners	75	0																			
claim-ready	nonwinners	212	1	592	167.5	11.9	16	28	41	61	0	1	0				1	0	0	0	144	0
countersign	nonwinners	212	1	401	113.5	10.6	0	18	35	52	0	1	0	55.6	0.262	0.175	0	1	1	0	138	0
decision-trust	nonwinners	174	1	286	98.6	9.9	6	19	21	33	0	0	0	107.4	0.617		0	0	0	0	90	1
dermamatch	nonwinners	68	1	154	135.9	15.4	13	25	38	49	0	1	0				0	0	0	0	108	0
devalibi	nonwinners	48	1	121	151.2	10.1	15	27	40	51	0	0	0	3.9	0.082		0	0	0	0	168	0
devnetwork	nonwinners	206	1	473	137.8	12.4	16	30	40	51	0	0	0			0.01	0	0	0	0	138	0
dream-it	nonwinners	146	1	280	115.1	13.3	10	21	25	37	1	0	1			0.338	0	0	0	0	96	0
ember	nonwinners	254	1	561	132.5	9.8	11	26	38	50	1	0	1	61.4	0.242	0.428	0	1	1	0	120	0
fellowagent	nonwinners	293	0																			
globalbuddy	nonwinners	171	1	426	149.5	12.2	13	29	43	55	0	1	0	137.9	0.806	0.182	0	0	0	0	174	0
knowngate	nonwinners	164	1	411	150.4	8.6	16	36	47	56	0	0	1	58.6	0.358	0.014	0	1	0	0	132	0
lanchname	nonwinners	206	0																			
lasttube	nonwinners	144	1	212	88.3	11.2	11	25	33	46	0	0	0	35.9	0.249	0.235	0	0	0	0	126	0
leadagent	nonwinners	169	1	324	115.0	9.8	10	25	39	44	1	1	1	89.0	0.527	0.018	0	0	1	0	114	0
livellm	nonwinners	240	1	526	131.5	11.4	11	21	40	51	1	0	0	25.2	0.105	0.004	0	0	0	0	144	0
mediguard	nonwinners	180	0																			
neuro-gaze	nonwinners	266	0																			
no-undo	nonwinners	220	1	428	116.7	9.1	10	25	30	38	0	0	1			0.345	0	0	0	0	168	0
onit	nonwinners	245	1	709	173.6	15.8	22	36	47	65	0	0	0	18.4	0.075	0.224	0	0	0	0	120	0
proof-of-authority	nonwinners	175	0																			
proofdesk	nonwinners	245	1	517	126.6	9.8	10	21	35	40	1	0	1	36.0	0.147	0.726	0	0	0	0	114	0
pulse	nonwinners	8	0																			
relokit	nonwinners	243	1	848	209.4	12.3	21	42	57	78	0	1	1	13.2	0.054	0.196	1	0	1	0	186	0
rolepilot	nonwinners	129	0																			
sensentia	nonwinners	154	0																			
shannon-ai	nonwinners	294	1	742	151.4	13.0	19	33	49	62	1	0	0	87.3	0.297	0.03	0	0	1	0	168	0
spendshield	nonwinners	138	0																			
typo-watch	nonwinners	161	1	339	126.3	7.4	10	22	40	50	1	0	1	7.1	0.044	0.495	1	1	0	0	162	0
vantage	nonwinners	103	1	249	145.0	10.8	15	30	44	55	0	1	0	28.0	0.272	0.189	0	0	0	0	156	0
vibecheck	nonwinners	275	1	403	87.9	10.1	0	2	17	22	0	0	0	41.6	0.151	0.932	0	1	0	0	156	1
wishlens	nonwinners	60	1	126	126.0	10.5	12	24	41	53	0	0	0			0.405	0	0	0	0	132	1
